{
  "project_info": {
    "project_number": "695249511619",
    "project_id": "messenger-7c9af",
    "storage_bucket": "messenger-7c9af.appspot.com"
  },
  "client": [
    {
      "client_info": {
        "mobilesdk_app_id": "1:695249511619:android:06339b15be5329a1e6ee76",
        "android_client_info": {
          "package_name": "com.example.messenger"
        }
      },
      "oauth_client": [
        {
          "client_id": "695249511619-b7vmcj9oentot5jggf0v83s51fh3hf78.apps.googleusercontent.com",
          "client_type": 3
        }
      ],
      "api_key": [
        {
          "current_key": "AIzaSyDjTi3GRthmaSd_hbN0GlWojKgVLmVvjVg"
        }
      ],
      "services": {
        "appinvite_service": {
          "other_platform_oauth_client": [
            {
              "client_id": "695249511619-b7vmcj9oentot5jggf0v83s51fh3hf78.apps.googleusercontent.com",
              "client_type": 3
            }
          ]
        }
      }
    }
  ],
  "configuration_version": "1"
}